234980222,健身房、槓鈴,聯合大學,nuu
234979930,到底會不會停車,聯合大學,nuu
234978759,MotoGP 125,聯合大學,nuu
234977602,鴻林書局可以印特殊用紙嗎,聯合大學,nuu
234976505,影山宿舍不關走廊電燈的女生！！！！,聯合大學,nuu
234976063,華文×材料 聖誕老人剛材華倒聖誕晚會,聯合大學,nuu
234975921,自修室的狗,聯合大學,nuu
234975608,流星雨,聯合大學,nuu
234972609,請問現在八甲是晚上5:45準時開放機車騎進去嗎,聯合大學,nuu
234967899,對不起,聯合大學,nuu
234967661,曾坤翔老師電子學實驗期末考方式,聯合大學,nuu
234965416,室友不洗澡,聯合大學,nuu
234964576,化工軟體應用,聯合大學,nuu
234963655,微積分演算,聯合大學,nuu
234960070,小火鍋的女神,聯合大學,nuu
234958935,欠錢不還的同學,聯合大學,nuu
234958445,這麼愛引戰來開戰啊,聯合大學,nuu
234958330,為啥學校時不時都會把人家車子撞倒或ㄎㄟ到的事情發生啊？,聯合大學,nuu
234956659,地震快嚇死本猴子了,聯合大學,nuu
234956556,雷室友,聯合大學,nuu
234954182,恭喜這幾位同學,聯合大學,nuu
234954033,聯大學餐,聯合大學,nuu
234950898,要吵架滾出去吵,聯合大學,nuu
234950818,今天早上 管理學院一樓...,聯合大學,nuu
234949517,差點被自己的同理心害死,聯合大學,nuu
234949279,請問學校全家可以寄東西嗎？,聯合大學,nuu
234949196,男五宿 浪漫浴室,聯合大學,nuu
234949086,聯大路看板更新,聯合大學,nuu
234948428,違停,聯合大學,nuu
234948377,八甲宿舍洗澡,聯合大學,nuu
234947807,放鬆,聯合大學,nuu
234946744,整個聯大都是我的停車場😎,聯合大學,nuu
234945978,幫我付了12$的同學！！,聯合大學,nuu
234944462,餵食流浪毛孩的人都應該看看這篇,聯合大學,nuu
234944111,聖誕,聯合大學,nuu
234943547,小心聯大噁男...,聯合大學,nuu
234943063,恕先樓,聯合大學,nuu
234942882,恕先四樓 吵,聯合大學,nuu
234941947,學生電子信箱於12月28日將改由 G Suite 服務囉！,聯合大學,nuu
234941677,⭐拜託大家動動手指幫我們填問卷⭐,聯合大學,nuu
234941666,申請學校的Gmail被改密碼,聯合大學,nuu
234941657,學校Google教育版無法登入,聯合大學,nuu
234940564,大學部猴子🐒,聯合大學,nuu
234940057,好好停車很難？,聯合大學,nuu
234939894,違規就去繳學費,聯合大學,nuu
234939534,今天早上遛狗的熱心小姐姐,聯合大學,nuu
234938982,啊啊啊啊三小,聯合大學,nuu
234936505,話說八甲最近機車進校園,聯合大學,nuu
234935242,發問,聯合大學,nuu
234934664,教的了猴子停車？,聯合大學,nuu
234934374,郵局提款機,聯合大學,nuu
