234982046,學生證,景文科大,just
234980297,二技上課時間,景文科大,just
234979918,有人有撿到機車鑰匙嗎,景文科大,just
234979285,這次企管聖誕 大獎是相機包,景文科大,just
234978347,期中成績有班排嗎？,景文科大,just
234978018,同學妳的學生證掉了！！,景文科大,just
234974408,3866的同學,景文科大,just
234972712,宿舍四樓好臭～～～～,景文科大,just
234972011,鮮味鮮,景文科大,just
234965540,詭異聲音,景文科大,just
234962473,倒車，尋車主,景文科大,just
234960965,原民文化週報名倒數囉,景文科大,just
234960837,商業套裝軟體,景文科大,just
234960482,動態攝影課程招生,景文科大,just
234959833,點名？,景文科大,just
234959121,景文深夜警報,景文科大,just
234958992,半夜I棟發出警報 ...,景文科大,just
234956970,掉AirPods,景文科大,just
234953839,有人有撿到錢包嗎,景文科大,just
234953610,iLook電癮派對,景文科大,just
234952910,英文的證書獎狀門檻？,景文科大,just
234952364,外面是在吵三小,景文科大,just
234952097,有誰遺失銀行卡 幫妳送去安康派出所了,景文科大,just
234951970,遺失羽毛球拍,景文科大,just
234949024,徵短租的人們,景文科大,just
234948466,快來撿你的錢包,景文科大,just
234947229,停修問題,景文科大,just
234947015,撿到小米藍牙耳機,景文科大,just
234945551,被當的課要怎麼重修,景文科大,just
234942545,學生證,景文科大,just
234942310,官二哥出新品啦！！,景文科大,just
234941958,公車站的妹妹們,景文科大,just
234941063,找雨傘,景文科大,just
234940374,I104遺留隨身碟,景文科大,just
