234983661,呃...那個崑山國際學苑1館的,崑山科大,ksu
234983373,活動,崑山科大,ksu
234980893,Youtube壞掉？？,崑山科大,ksu
234978259,熱舞社小型成發-無時舞刻,崑山科大,ksu
234972845,入學獎學金,崑山科大,ksu
234968437,學校有園遊會嗎？,崑山科大,ksu
234966947,12/17 魔幻聖誕夜,崑山科大,ksu
234963918,請大家幫幫忙,崑山科大,ksu
234962285,在停車場亂移別人後照鏡很好玩？,崑山科大,ksu
234961832,韓舞社-成果發表會《檬檬懂懂》,崑山科大,ksu
234961409,健身房 帽T遺失,崑山科大,ksu
234961248,Shout out 崑山性別社團,崑山科大,ksu
234961123,機會難逢,崑山科大,ksu
234959041,馬ㄉ國際學院二館半夜不睡覺是在吵啥毀？,崑山科大,ksu
234954375,哈囉同學，圖書館不是給你們大聲聊天的場所🙄,崑山科大,ksu
234954374,圖書館當你家？,崑山科大,ksu
234953540,詢問,崑山科大,ksu
234951650,尋找鑰匙（已找到 謝謝各位🙏）,崑山科大,ksu
234950414,原青社聖誕節交換禮物,崑山科大,ksu
234950037,崑山科大成立南區教學聯盟,崑山科大,ksu
234947124,誰的機車鑰匙忘在工程二管下面的花圃,崑山科大,ksu
234945996,一起來團圓-冬至送暖,崑山科大,ksu
234944853,🔥ROG campus party-電競講座🔥,崑山科大,ksu
234943176,109學年度畢業班級 隨拍,崑山科大,ksu
234942893,電腦軟體免費？,崑山科大,ksu
234941361,遊戲化桌遊人生教育,崑山科大,ksu
234940951,歌弦成發-下弦月,崑山科大,ksu
234940323,我遇到巨嬰？？,崑山科大,ksu
