234988513,畫聖誕老人,聖誕CiaoCiao,merryxmas
234988228,聖誕交換禮物,聖誕CiaoCiao,merryxmas
234987546,聖誕節交換禮物,聖誕CiaoCiao,merryxmas
234987154,漂亮又實用的禮物🎁,聖誕CiaoCiao,merryxmas
234987048,求各位大大推薦送女友的禮物,聖誕CiaoCiao,merryxmas
234987023,交換禮物請益🙇‍♀️,聖誕CiaoCiao,merryxmas
234986444,聖誕禮物幫選（內有選手）謝謝🙇‍♀️,聖誕CiaoCiao,merryxmas
234985980,淡水老街12/19耶誕點燈呦～,聖誕CiaoCiao,merryxmas
234985926,只為與你香遇❤️,聖誕CiaoCiao,merryxmas
234985907,揪團！滿20人開單！交換聖誕卡片/明信片🎄,聖誕CiaoCiao,merryxmas
234985535,好奇～情侶間會玩交換禮物嗎,聖誕CiaoCiao,merryxmas
234985404,自辦的交換禮物聯誼活動，不需見面喔線上配對,聖誕CiaoCiao,merryxmas
234985198,轉：聖誕節不孤單！做些公益溫暖整個社會吧～,聖誕CiaoCiao,merryxmas
234984189,交換禮物🤪,聖誕CiaoCiao,merryxmas
234982402,買了什麼交換禮物～,聖誕CiaoCiao,merryxmas
234981527,#分享 我的第一棵聖誕樹🎄,聖誕CiaoCiao,merryxmas
234979298,交換禮物選擇,聖誕CiaoCiao,merryxmas
234978990,交換禮物天使與地獄,聖誕CiaoCiao,merryxmas
234978699,聖誕節🎄高價位交換禮物 🎁,聖誕CiaoCiao,merryxmas
234977618,主題為2020的交換禮物,聖誕CiaoCiao,merryxmas
234976745,500元左右交換禮物,聖誕CiaoCiao,merryxmas
234976455,水氧機當交換禮物,聖誕CiaoCiao,merryxmas
234976341,聖誕節交換禮物懶人包🎁,聖誕CiaoCiao,merryxmas
234976300,跪求各位同學集思廣益拯救我的聖誕禮物😭,聖誕CiaoCiao,merryxmas
234975473,聖誕節禮物幫選！,聖誕CiaoCiao,merryxmas
234975463,想請問各位聖誕版的大神們,聖誕CiaoCiao,merryxmas
234975450,家族交換禮物建議,聖誕CiaoCiao,merryxmas
234975036,耶誕城錢包遺失,聖誕CiaoCiao,merryxmas
234974706,找尋會跳舞的聖誕樹🎄,聖誕CiaoCiao,merryxmas
234974657,交換禮物選擇(給女生）,聖誕CiaoCiao,merryxmas
234973981,你們會想要什麼禮物,聖誕CiaoCiao,merryxmas
234973753,交換禮物選擇🎄,聖誕CiaoCiao,merryxmas
234972645,交換禮物參考,聖誕CiaoCiao,merryxmas
234971860,#情報 聖誕節美妝交換禮物團,聖誕CiaoCiao,merryxmas
234971732,聖誕彩妝保養香氛交換禮物團～～,聖誕CiaoCiao,merryxmas
