234982066,хо┐шИНцШпхЬихУИхЫЙя╝Я,ци╣ф║║щЖлшн╖чобчРЖх░ИчзСхн╕цаб,szmc
234981023,#цАе цЛЬшиЧчЬЛщБОф╛Жр▓е_р▓е,ци╣ф║║щЖлшн╖чобчРЖх░ИчзСхн╕цаб,szmc
234980982,цЙ╛ходхПЛ,ци╣ф║║щЖлшн╖чобчРЖх░ИчзСхн╕цаб,szmc
234980257,х╗БцЙА,ци╣ф║║щЖлшн╖чобчРЖх░ИчзСхн╕цаб,szmc
234980099,цЬЙф║║цЬЙцТ┐хИ░щ╗СшЙ▓щМвхМЕхЧО,ци╣ф║║щЖлшн╖чобчРЖх░ИчзСхн╕цаб,szmc
234980073,ф╕ЙхДДхЙНчЪДхиГхиГ,ци╣ф║║щЖлшн╖чобчРЖх░ИчзСхн╕цаб,szmc
234980031,шк░чЪДщнпщнпхТкя╝Я,ци╣ф║║щЖлшн╖чобчРЖх░ИчзСхн╕цаб,szmc
234979900,цЬЙф║║цЬЙчЬЛхИ░щ╗СшЙ▓щМвхМЕхЧО,ци╣ф║║щЖлшн╖чобчРЖх░ИчзСхн╕цаб,szmc
234979870,ф╕Лхн╕цЬЯцабш╗КЁЯИ╕я╕ПшлЛ,ци╣ф║║щЖлшн╖чобчРЖх░ИчзСхн╕цаб,szmc
234979662,цИСчЪДчгБцЙгф╕НшжЛф║Жя╝Бя╝Бф╕КщЭвцЬЙф╕АщбЖшНЙшОУ,ци╣ф║║щЖлшн╖чобчРЖх░ИчзСхн╕цаб,szmc
234979644,ц▒Вig,ци╣ф║║щЖлшн╖чобчРЖх░ИчзСхн╕цаб,szmc
234979582,шБЦшкХцЩЪцЬГ хн╕чФЯшнЙя╝Б,ци╣ф║║щЖлшн╖чобчРЖх░ИчзСхн╕цаб,szmc
234979453,шА╢шкХцЩЪцЬГ,ци╣ф║║щЖлшн╖чобчРЖх░ИчзСхн╕цаб,szmc
234978097,х░ЛцЙ╛щМвхМЕ,ци╣ф║║щЖлшн╖чобчРЖх░ИчзСхн╕цаб,szmc
234977141,ч╛ОщгЯшбЧ,ци╣ф║║щЖлшн╖чобчРЖх░ИчзСхн╕цаб,szmc
234974957,чЛЧхПлшБ▓,ци╣ф║║щЖлшн╖чобчРЖх░ИчзСхн╕цаб,szmc
234973838,ч╛Охе│цЙ╛ходхПЛ,ци╣ф║║щЖлшн╖чобчРЖх░ИчзСхн╕цаб,szmc
234972884,цУНшбМ,ци╣ф║║щЖлшн╖чобчРЖх░ИчзСхн╕цаб,szmc
234972082,цР╢щНЛ,ци╣ф║║щЖлшн╖чобчРЖх░ИчзСхн╕цаб,szmc
234971509,х░ЛцЙ╛ч╛ОщгЯ~~~,ци╣ф║║щЖлшн╖чобчРЖх░ИчзСхн╕цаб,szmc
234968652,цЙ╛ходхПЛ,ци╣ф║║щЖлшн╖чобчРЖх░ИчзСхн╕цаб,szmc
234967406,хЬицабш╗КщБ║хд▒ц░┤хг║я╝Ицабш╗Кя╝Ъ127я╝Й,ци╣ф║║щЖлшн╖чобчРЖх░ИчзСхн╕цаб,szmc
234967134,ч╛ОщгЯшбЧ,ци╣ф║║щЖлшн╖чобчРЖх░ИчзСхн╕цаб,szmc
234963465,хпжч┐ТчзЯх▒Л,ци╣ф║║щЖлшн╖чобчРЖх░ИчзСхн╕цаб,szmc
234963355,ф╕Лхн╕цЬЯходхПЛ,ци╣ф║║щЖлшн╖чобчРЖх░ИчзСхн╕цаб,szmc
234963345,чзЯх▒Л,ци╣ф║║щЖлшн╖чобчРЖх░ИчзСхн╕цаб,szmc
234963321,101ч╖ЪщБ║хд▒чЙй ч▓ЙшЙ▓х░ПчЖКч╢нх░╝X1,ци╣ф║║щЖлшн╖чобчРЖх░ИчзСхн╕цаб,szmc
234962497,х░Л,ци╣ф║║щЖлшн╖чобчРЖх░ИчзСхн╕цаб,szmc
234962313,х░Лч▓ЙшЙ▓щМвхМЕя╝ИцЫ┤х╖▓цЙ╛хИ░шмЭшмЭЁЯЩП,ци╣ф║║щЖлшн╖чобчРЖх░ИчзСхн╕цаб,szmc
234962291,х░ЛцЙ╛х╛ИхЧичЪДшиИчиЛш╗КхП╕цйЯя╝Бя╝Бя╝Б,ци╣ф║║щЖлшн╖чобчРЖх░ИчзСхн╕цаб,szmc
234962208,х░ЛцЙ╛ц││шбг,ци╣ф║║щЖлшн╖чобчРЖх░ИчзСхн╕цаб,szmc
234962015,цЛЬшиЧф╕НшжБхБЪщАЩчиочЩ╜чЫочЪДф║ЛцГЕ,ци╣ф║║щЖлшн╖чобчРЖх░ИчзСхн╕цаб,szmc
234961946,ц▒Вig,ци╣ф║║щЖлшн╖чобчРЖх░ИчзСхн╕цаб,szmc
234961930,ф╕ЙхДД,ци╣ф║║щЖлшн╖чобчРЖх░ИчзСхн╕цаб,szmc
234961889,шк░цОЙф║Ж100хЕГ,ци╣ф║║щЖлшн╖чобчРЖх░ИчзСхн╕цаб,szmc
234959671,ц╕╕ц││шк▓я╝Бя╝Б,ци╣ф║║щЖлшн╖чобчРЖх░ИчзСхн╕цаб,szmc
234959384,хРМхн╕ф╜ачЪДщМвхМЕцОЙф║Ж,ци╣ф║║щЖлшн╖чобчРЖх░ИчзСхн╕цаб,szmc
234958492,цЬЙф║║цТ┐хИ░ф╕АцвЭPandoraчЪДцЙЛщПИхШЫя╝Ящ║╗чЕйчХЩшиАя╝МчХЩф╕ЛшБпч╡бцЦ╣х╝П,ци╣ф║║щЖлшн╖чобчРЖх░ИчзСхн╕цаб,szmc
234958282,ч╛ОщгЯшбЧ,ци╣ф║║щЖлшн╖чобчРЖх░ИчзСхн╕цаб,szmc
234957697,цЙ╛ходхПЛя╝Бя╝Бя╝Бя╝ИцЙ╛хИ░ф║Жя╝Б,ци╣ф║║щЖлшн╖чобчРЖх░ИчзСхн╕цаб,szmc
234957264,ш╜Йя╝Ъцабш╗К1X8ч╖Ъ,ци╣ф║║щЖлшн╖чобчРЖх░ИчзСхн╕цаб,szmc
234957101,х░ЛцЙ╛хн╕чФЯшнЙ,ци╣ф║║щЖлшн╖чобчРЖх░ИчзСхн╕цаб,szmc
234956255,чСкщЫЕ,ци╣ф║║щЖлшн╖чобчРЖх░ИчзСхн╕цаб,szmc
234955684,щЗСшЙ▓х░╛цИТф╕НшжЛф║Ж,ци╣ф║║щЖлшн╖чобчРЖх░ИчзСхн╕цаб,szmc
234955347,щЩ╕цйЛш╗КчжНф║Лф╗╢,ци╣ф║║щЖлшн╖чобчРЖх░ИчзСхн╕цаб,szmc
234955079,ч┤аш│кхИ░х║ХхЬихУкшгбя╝Я,ци╣ф║║щЖлшн╖чобчРЖх░ИчзСхн╕цаб,szmc
234955061,чд╛хЬШ,ци╣ф║║щЖлшн╖чобчРЖх░ИчзСхн╕цаб,szmc
234955054,хо┐шИНха▒ф╜│щЯ│я╝Бя╝Б,ци╣ф║║щЖлшн╖чобчРЖх░ИчзСхн╕цаб,szmc
234954885,чд╛хЬШчЪДщГихИЖ,ци╣ф║║щЖлшн╖чобчРЖх░ИчзСхн╕цаб,szmc
234954697,PTчЪДщМвхМЕ цФ╛хЬичжПцШехЦФя╝Б,ци╣ф║║щЖлшн╖чобчРЖх░ИчзСхн╕цаб,szmc
234953949,щЧЬцЦ╝цХЩхЬЛшАГчПнчЪДшАБх╕лхАС,ци╣ф║║щЖлшн╖чобчРЖх░ИчзСхн╕цаб,szmc
234952764,щлШхГ╣цФ╢щаШх╕╢чЪох╕╢,ци╣ф║║щЖлшн╖чобчРЖх░ИчзСхн╕цаб,szmc
234952488,хпжч┐ТшАБх╕л,ци╣ф║║щЖлшн╖чобчРЖх░ИчзСхн╕цаб,szmc
234952421,208цабш╗К,ци╣ф║║щЖлшн╖чобчРЖх░ИчзСхн╕цаб,szmc
234952413,х░ЛцЙ╛щМвхМЕтЭЧтЭЧтЭЧ,ци╣ф║║щЖлшн╖чобчРЖх░ИчзСхн╕цаб,szmc
234951253,цЙ╛ф║║,ци╣ф║║щЖлшн╖чобчРЖх░ИчзСхн╕цаб,szmc
234950440,цЬЙф║║цЬЙцОишЦжчЪДч╛ОщгЯшбЧцЧйщдРхЧОЁЯе║,ци╣ф║║щЖлшн╖чобчРЖх░ИчзСхн╕цаб,szmc
234949933,хн╕цабщБХц│Хя╝Я,ци╣ф║║щЖлшн╖чобчРЖх░ИчзСхн╕цаб,szmc
234949372,хо┐шИНцИ┐хНб,ци╣ф║║щЖлшн╖чобчРЖх░ИчзСхн╕цаб,szmc
234949312,шА╢шкХцЩЪцЬГ,ци╣ф║║щЖлшн╖чобчРЖх░ИчзСхн╕цаб,szmc
234949159,цЬЙщЧЬ3/2уАБ2/1,ци╣ф║║щЖлшн╖чобчРЖх░ИчзСхн╕цаб,szmc
234949134,цабш╗К1X8ч╖Ъ,ци╣ф║║щЖлшн╖чобчРЖх░ИчзСхн╕цаб,szmc
234949061,хн╕чФЯшнЙ,ци╣ф║║щЖлшн╖чобчРЖх░ИчзСхн╕цаб,szmc
234948990,цК╜чГЯхМ║,ци╣ф║║щЖлшн╖чобчРЖх░ИчзСхн╕цаб,szmc
234948447,х░ЛцЙ╛щС░хМЩ,ци╣ф║║щЖлшн╖чобчРЖх░ИчзСхн╕цаб,szmc
234948297,х┐ШцЭ▒ше┐хЬичд╛хЬШшк▓цХЩходф║Ж,ци╣ф║║щЖлшн╖чобчРЖх░ИчзСхн╕цаб,szmc
234947653,ч╛Оф┐ЭчзС,ци╣ф║║щЖлшн╖чобчРЖх░ИчзСхн╕цаб,szmc
234947527,цЙ╛цЫ╕,ци╣ф║║щЖлшн╖чобчРЖх░ИчзСхн╕цаб,szmc
234947415,цИ┐хНб,ци╣ф║║щЖлшн╖чобчРЖх░ИчзСхн╕цаб,szmc
234946983,х╣╝ф┐ЭчзС,ци╣ф║║щЖлшн╖чобчРЖх░ИчзСхн╕цаб,szmc
234946618,ш║лхИЖшнЙщБ║шР╜хЬихЬЦцЫ╕щди,ци╣ф║║щЖлшн╖чобчРЖх░ИчзСхн╕цаб,szmc
234946524,чзБшжУ,ци╣ф║║щЖлшн╖чобчРЖх░ИчзСхн╕цаб,szmc
234946473,ф╕ЙхДДшжЦшБ╜хНА,ци╣ф║║щЖлшн╖чобчРЖх░ИчзСхн╕цаб,szmc
234945906,чЙЩцКАчзСцОИшвН,ци╣ф║║щЖлшн╖чобчРЖх░ИчзСхн╕цаб,szmc
234945882,щС░хМЩ,ци╣ф║║щЖлшн╖чобчРЖх░ИчзСхн╕цаб,szmc
234945859,цЙЛщНКя╝ИцДЫх┐Гя╝Й,ци╣ф║║щЖлшн╖чобчРЖх░ИчзСхн╕цаб,szmc
234944690,хо┐шИНх░Пх╣╣щГи,ци╣ф║║щЖлшн╖чобчРЖх░ИчзСхн╕цаб,szmc
234944655,щлШшн╖ щлШцжоф╜Пхо┐я╝Б,ци╣ф║║щЖлшн╖чобчРЖх░ИчзСхн╕цаб,szmc
234944036,чБлш╗КчлЩ,ци╣ф║║щЖлшн╖чобчРЖх░ИчзСхн╕цаб,szmc
234941953,цТ┐хИ░чБлш╗КцЬИчеи,ци╣ф║║щЖлшн╖чобчРЖх░ИчзСхн╕цаб,szmc
234941923,ч╝║ходхПЛтА╝я╕П,ци╣ф║║щЖлшн╖чобчРЖх░ИчзСхн╕цаб,szmc
234941827,ч╝║ходхПЛ,ци╣ф║║щЖлшн╖чобчРЖх░ИчзСхн╕цаб,szmc
234941766,щЛ╝чР┤ЁЯО╣,ци╣ф║║щЖлшн╖чобчРЖх░ИчзСхн╕цаб,szmc
234940746,цЬЙф║║чЬЛхИ░цИЦцТ┐хИ░airpodsх╖жшА│хЧО,ци╣ф║║щЖлшн╖чобчРЖх░ИчзСхн╕цаб,szmc
234940135,ч╛ОщгЯшбЧхд▒чЙйцЛЫщаШ,ци╣ф║║щЖлшн╖чобчРЖх░ИчзСхн╕цаб,szmc
234939621,CцгЯ6циУ,ци╣ф║║щЖлшн╖чобчРЖх░ИчзСхн╕цаб,szmc
